screening_id,title,note,feature_reference,feature_module_sha256,group,model,primary_metric,direction,mean,std,improvement_vs_reference,rank,shortlisted,params,run_name,dataset_version,feature_reference_module,preprocessing_profile,reference_model
MS-001,Tree and bagging screening on EXP-003 features,model-screening/MS-001 Tree Bagging.md,EXP-003,5a9da05775c8998fccc05cfcacc15721f39e178148141d3472799d26617c1ab6,tree_bagging,random_forest,accuracy,maximize,0.8226727763480006,0.0122706681747372,0.0022346368715083,1,True,"{""bootstrap"": true, ""ccp_alpha"": 0.0, ""class_weight"": null, ""criterion"": ""gini"", ""max_depth"": 7, ""max_features"": ""sqrt"", ""max_leaf_nodes"": null, ""max_samples"": null, ""min_impurity_decrease"": 0.0, ""min_samples_leaf"": 3, ""min_samples_split"": 2, ""min_weight_fraction_leaf"": 0.0, ""monotonic_cst"": null, ""n_estimators"": 400, ""n_jobs"": 1, ""oob_score"": false, ""random_state"": 42, ""verbose"": 0, ""warm_start"": false}",ms_001_tree_bagging_v1,7d118fef8b6ccf7f81111877bc388536f7b1e498a655e3d649d19aaa010e9f6f,,,
MS-001,Tree and bagging screening on EXP-003 features,model-screening/MS-001 Tree Bagging.md,EXP-003,5a9da05775c8998fccc05cfcacc15721f39e178148141d3472799d26617c1ab6,tree_bagging,feature_champion,accuracy,maximize,0.8204381394764922,0.0176025424862447,0.0,2,False,"{""C"": 1.0, ""class_weight"": null, ""dual"": false, ""fit_intercept"": true, ""intercept_scaling"": 1, ""l1_ratio"": 0.0, ""max_iter"": 1000, ""n_jobs"": null, ""penalty"": ""deprecated"", ""random_state"": 42, ""solver"": ""lbfgs"", ""tol"": 0.0001, ""verbose"": 0, ""warm_start"": false}",ms_001_tree_bagging_v1,7d118fef8b6ccf7f81111877bc388536f7b1e498a655e3d649d19aaa010e9f6f,,,
MS-001,Tree and bagging screening on EXP-003 features,model-screening/MS-001 Tree Bagging.md,EXP-003,5a9da05775c8998fccc05cfcacc15721f39e178148141d3472799d26617c1ab6,tree_bagging,extra_trees,accuracy,maximize,0.8069801016885318,0.014785947517393,-0.0134580377879603,3,True,"{""bootstrap"": false, ""ccp_alpha"": 0.0, ""class_weight"": null, ""criterion"": ""gini"", ""max_depth"": 8, ""max_features"": ""sqrt"", ""max_leaf_nodes"": null, ""max_samples"": null, ""min_impurity_decrease"": 0.0, ""min_samples_leaf"": 3, ""min_samples_split"": 2, ""min_weight_fraction_leaf"": 0.0, ""monotonic_cst"": null, ""n_estimators"": 400, ""n_jobs"": 1, ""oob_score"": false, ""random_state"": 42, ""verbose"": 0, ""warm_start"": false}",ms_001_tree_bagging_v1,7d118fef8b6ccf7f81111877bc388536f7b1e498a655e3d649d19aaa010e9f6f,,,
MS-001,Tree and bagging screening on EXP-003 features,model-screening/MS-001 Tree Bagging.md,EXP-003,5a9da05775c8998fccc05cfcacc15721f39e178148141d3472799d26617c1ab6,tree_bagging,decision_tree,accuracy,maximize,0.8036155922415416,0.0225236342197433,-0.0168225472349506,4,False,"{""ccp_alpha"": 0.0, ""class_weight"": null, ""criterion"": ""gini"", ""max_depth"": 5, ""max_features"": null, ""max_leaf_nodes"": null, ""min_impurity_decrease"": 0.0, ""min_samples_leaf"": 8, ""min_samples_split"": 2, ""min_weight_fraction_leaf"": 0.0, ""monotonic_cst"": null, ""random_state"": 42, ""splitter"": ""best""}",ms_001_tree_bagging_v1,7d118fef8b6ccf7f81111877bc388536f7b1e498a655e3d649d19aaa010e9f6f,,,
MS-002,Tree and bagging screening on EXP-013 TT-combined features,model-screening/MS-002 Tree Bagging.md,EXP-013,20c2326491687883552bc9020ab6ce21f87d93e0208e88670b4453294e31e2d1,tree_bagging,random_forest,accuracy,maximize,0.8181846713953927,0.0196641173617647,0.0056179775280899,1,True,"{""bootstrap"": true, ""ccp_alpha"": 0.0, ""class_weight"": null, ""criterion"": ""gini"", ""max_depth"": 7, ""max_features"": ""sqrt"", ""max_leaf_nodes"": null, ""max_samples"": null, ""min_impurity_decrease"": 0.0, ""min_samples_leaf"": 3, ""min_samples_split"": 2, ""min_weight_fraction_leaf"": 0.0, ""monotonic_cst"": null, ""n_estimators"": 400, ""n_jobs"": 1, ""oob_score"": false, ""random_state"": 42, ""verbose"": 0, ""warm_start"": false}",ms_002_tree_bagging_v1,7d118fef8b6ccf7f81111877bc388536f7b1e498a655e3d649d19aaa010e9f6f,ml_project.experiments.exp_013_tt_comb,unscaled_sparse,feature_champion
MS-002,Tree and bagging screening on EXP-013 TT-combined features,model-screening/MS-002 Tree Bagging.md,EXP-013,20c2326491687883552bc9020ab6ce21f87d93e0208e88670b4453294e31e2d1,tree_bagging,decision_tree,accuracy,maximize,0.8136526269537381,0.023948765554406,0.0010859330864352,2,True,"{""ccp_alpha"": 0.0, ""class_weight"": null, ""criterion"": ""gini"", ""max_depth"": 5, ""max_features"": null, ""max_leaf_nodes"": null, ""min_impurity_decrease"": 0.0, ""min_samples_leaf"": 8, ""min_samples_split"": 2, ""min_weight_fraction_leaf"": 0.0, ""monotonic_cst"": null, ""random_state"": 42, ""splitter"": ""best""}",ms_002_tree_bagging_v1,7d118fef8b6ccf7f81111877bc388536f7b1e498a655e3d649d19aaa010e9f6f,ml_project.experiments.exp_013_tt_comb,unscaled_sparse,feature_champion
MS-002,Tree and bagging screening on EXP-013 TT-combined features,model-screening/MS-002 Tree Bagging.md,EXP-013,20c2326491687883552bc9020ab6ce21f87d93e0208e88670b4453294e31e2d1,tree_bagging,feature_champion,accuracy,maximize,0.8125666938673028,0.0152242724021608,0.0,3,False,"{""C"": 1.0, ""class_weight"": null, ""dual"": false, ""fit_intercept"": true, ""intercept_scaling"": 1, ""l1_ratio"": 0.0, ""max_iter"": 1000, ""n_jobs"": null, ""penalty"": ""deprecated"", ""random_state"": 42, ""solver"": ""lbfgs"", ""tol"": 0.0001, ""verbose"": 0, ""warm_start"": false}",ms_002_tree_bagging_v1,7d118fef8b6ccf7f81111877bc388536f7b1e498a655e3d649d19aaa010e9f6f,ml_project.experiments.exp_013_tt_comb,unscaled_sparse,feature_champion
MS-002,Tree and bagging screening on EXP-013 TT-combined features,model-screening/MS-002 Tree Bagging.md,EXP-013,20c2326491687883552bc9020ab6ce21f87d93e0208e88670b4453294e31e2d1,tree_bagging,extra_trees,accuracy,maximize,0.8114430983616847,0.0152433701455061,-0.0011235955056181,4,False,"{""bootstrap"": false, ""ccp_alpha"": 0.0, ""class_weight"": null, ""criterion"": ""gini"", ""max_depth"": 8, ""max_features"": ""sqrt"", ""max_leaf_nodes"": null, ""max_samples"": null, ""min_impurity_decrease"": 0.0, ""min_samples_leaf"": 3, ""min_samples_split"": 2, ""min_weight_fraction_leaf"": 0.0, ""monotonic_cst"": null, ""n_estimators"": 400, ""n_jobs"": 1, ""oob_score"": false, ""random_state"": 42, ""verbose"": 0, ""warm_start"": false}",ms_002_tree_bagging_v1,7d118fef8b6ccf7f81111877bc388536f7b1e498a655e3d649d19aaa010e9f6f,ml_project.experiments.exp_013_tt_comb,unscaled_sparse,feature_champion
MS-003,sklearn_boosting on EXP-013 TT-combined features,model-screening/MS-003 sklearn_boosting.md,EXP-013,20c2326491687883552bc9020ab6ce21f87d93e0208e88670b4453294e31e2d1,sklearn_boosting,gradient_boosting,accuracy,maximize,0.8372355784319879,0.0223191654799892,0.024668884564685,1,True,"{""ccp_alpha"": 0.0, ""criterion"": ""deprecated"", ""init"": null, ""learning_rate"": 0.04, ""loss"": ""log_loss"", ""max_depth"": 2, ""max_features"": null, ""max_leaf_nodes"": null, ""min_impurity_decrease"": 0.0, ""min_samples_leaf"": 1, ""min_samples_split"": 2, ""min_weight_fraction_leaf"": 0.0, ""n_estimators"": 250, ""n_iter_no_change"": null, ""random_state"": 42, ""subsample"": 1.0, ""tol"": 0.0001, ""validation_fraction"": 0.1, ""verbose"": 0, ""warm_start"": false}",ms_003_sklearn_boosting_v1,7d118fef8b6ccf7f81111877bc388536f7b1e498a655e3d649d19aaa010e9f6f,ml_project.experiments.exp_013_tt_comb,unscaled_dense,feature_champion
MS-003,sklearn_boosting on EXP-013 TT-combined features,model-screening/MS-003 sklearn_boosting.md,EXP-013,20c2326491687883552bc9020ab6ce21f87d93e0208e88670b4453294e31e2d1,sklearn_boosting,hist_gradient_boosting,accuracy,maximize,0.833864791915134,0.0164991978375599,0.0212980980478311,2,True,"{""categorical_features"": ""from_dtype"", ""class_weight"": null, ""early_stopping"": ""auto"", ""interaction_cst"": null, ""l2_regularization"": 0.0, ""learning_rate"": 0.06, ""loss"": ""log_loss"", ""max_bins"": 255, ""max_depth"": null, ""max_features"": 1.0, ""max_iter"": 250, ""max_leaf_nodes"": 15, ""min_samples_leaf"": 20, ""monotonic_cst"": null, ""n_iter_no_change"": 10, ""random_state"": 42, ""scoring"": ""loss"", ""tol"": 1e-07, ""validation_fraction"": 0.1, ""verbose"": 0, ""warm_start"": false}",ms_003_sklearn_boosting_v1,7d118fef8b6ccf7f81111877bc388536f7b1e498a655e3d649d19aaa010e9f6f,ml_project.experiments.exp_013_tt_comb,unscaled_dense,feature_champion
MS-003,sklearn_boosting on EXP-013 TT-combined features,model-screening/MS-003 sklearn_boosting.md,EXP-013,20c2326491687883552bc9020ab6ce21f87d93e0208e88670b4453294e31e2d1,sklearn_boosting,feature_champion,accuracy,maximize,0.8125666938673028,0.0152242724021608,0.0,3,False,"{""C"": 1.0, ""class_weight"": null, ""dual"": false, ""fit_intercept"": true, ""intercept_scaling"": 1, ""l1_ratio"": 0.0, ""max_iter"": 1000, ""n_jobs"": null, ""penalty"": ""deprecated"", ""random_state"": 42, ""solver"": ""lbfgs"", ""tol"": 0.0001, ""verbose"": 0, ""warm_start"": false}",ms_003_sklearn_boosting_v1,7d118fef8b6ccf7f81111877bc388536f7b1e498a655e3d649d19aaa010e9f6f,ml_project.experiments.exp_013_tt_comb,unscaled_dense,feature_champion
MS-004,sklearn_boosting with early stopping and validation on EXP-013 TT-combined features,model-screening/MS-004 sklearn_boosting.md,EXP-013,20c2326491687883552bc9020ab6ce21f87d93e0208e88670b4453294e31e2d1,sklearn_boosting,hist_gradient_boosting,accuracy,maximize,0.8350134957002071,0.0212725234745851,0.0224468018329042,1,True,"{""categorical_features"": ""from_dtype"", ""class_weight"": null, ""early_stopping"": true, ""interaction_cst"": null, ""l2_regularization"": 0.0, ""learning_rate"": 0.04, ""loss"": ""log_loss"", ""max_bins"": 255, ""max_depth"": null, ""max_features"": 1.0, ""max_iter"": 250, ""max_leaf_nodes"": 15, ""min_samples_leaf"": 20, ""monotonic_cst"": null, ""n_iter_no_change"": 10, ""random_state"": 42, ""scoring"": ""loss"", ""tol"": 1e-07, ""validation_fraction"": 0.1, ""verbose"": 0, ""warm_start"": false}",ms_004_sklearn_boosting_v1,7d118fef8b6ccf7f81111877bc388536f7b1e498a655e3d649d19aaa010e9f6f,ml_project.experiments.exp_013_tt_comb,unscaled_dense,feature_champion
MS-004,sklearn_boosting with early stopping and validation on EXP-013 TT-combined features,model-screening/MS-004 sklearn_boosting.md,EXP-013,20c2326491687883552bc9020ab6ce21f87d93e0208e88670b4453294e31e2d1,sklearn_boosting,gradient_boosting,accuracy,maximize,0.8349946644906158,0.0199031449180129,0.0224279706233129,2,True,"{""ccp_alpha"": 0.0, ""criterion"": ""deprecated"", ""init"": null, ""learning_rate"": 0.03, ""loss"": ""log_loss"", ""max_depth"": 2, ""max_features"": null, ""max_leaf_nodes"": null, ""min_impurity_decrease"": 0.0, ""min_samples_leaf"": 1, ""min_samples_split"": 2, ""min_weight_fraction_leaf"": 0.0, ""n_estimators"": 300, ""n_iter_no_change"": null, ""random_state"": 42, ""subsample"": 1.0, ""tol"": 0.0001, ""validation_fraction"": 0.1, ""verbose"": 0, ""warm_start"": false}",ms_004_sklearn_boosting_v1,7d118fef8b6ccf7f81111877bc388536f7b1e498a655e3d649d19aaa010e9f6f,ml_project.experiments.exp_013_tt_comb,unscaled_dense,feature_champion
MS-004,sklearn_boosting with early stopping and validation on EXP-013 TT-combined features,model-screening/MS-004 sklearn_boosting.md,EXP-013,20c2326491687883552bc9020ab6ce21f87d93e0208e88670b4453294e31e2d1,sklearn_boosting,feature_champion,accuracy,maximize,0.8125666938673028,0.0152242724021608,0.0,3,False,"{""C"": 1.0, ""class_weight"": null, ""dual"": false, ""fit_intercept"": true, ""intercept_scaling"": 1, ""l1_ratio"": 0.0, ""max_iter"": 1000, ""n_jobs"": null, ""penalty"": ""deprecated"", ""random_state"": 42, ""solver"": ""lbfgs"", ""tol"": 0.0001, ""verbose"": 0, ""warm_start"": false}",ms_004_sklearn_boosting_v1,7d118fef8b6ccf7f81111877bc388536f7b1e498a655e3d649d19aaa010e9f6f,ml_project.experiments.exp_013_tt_comb,unscaled_dense,feature_champion
MS-005,external_boosting  on EXP-013 TT-combined features,model-screening/MS-005 ext_boost.md,EXP-013,0ed9dec50eab0ba3286bfb09acaee76f2621b7cb74fef747c85249627f96aec0,external_boosting,xgboost,accuracy,maximize,0.8417425145941874,0.0175826122034222,0.0291758207268845,1,True,"{""base_score"": null, ""booster"": null, ""callbacks"": null, ""colsample_bylevel"": null, ""colsample_bynode"": null, ""colsample_bytree"": 0.85, ""device"": null, ""early_stopping_rounds"": null, ""enable_categorical"": true, ""eval_metric"": ""logloss"", ""feature_types"": null, ""feature_weights"": null, ""gamma"": null, ""grow_policy"": null, ""importance_type"": null, ""interaction_constraints"": null, ""learning_rate"": 0.04, ""max_bin"": null, ""max_cat_threshold"": null, ""max_cat_to_onehot"": null, ""max_delta_step"": null, ""max_depth"": 3, ""max_leaves"": null, ""min_child_weight"": null, ""missing"": NaN, ""monotone_constraints"": null, ""multi_strategy"": null, ""n_estimators"": 350, ""n_jobs"": 1, ""num_parallel_tree"": null, ""objective"": ""binary:logistic"", ""random_state"": 42, ""reg_alpha"": null, ""reg_lambda"": null, ""sampling_method"": null, ""scale_pos_weight"": null, ""subsample"": 0.85, ""tree_method"": ""hist"", ""validate_parameters"": null, ""verbosity"": null}",ms_005_external_boosting_v1,7d118fef8b6ccf7f81111877bc388536f7b1e498a655e3d649d19aaa010e9f6f,ml_project.experiments.exp_013_tt_comb,unscaled_sparse,feature_champion
MS-005,external_boosting  on EXP-013 TT-combined features,model-screening/MS-005 ext_boost.md,EXP-013,0ed9dec50eab0ba3286bfb09acaee76f2621b7cb74fef747c85249627f96aec0,external_boosting,lightgbm,accuracy,maximize,0.8417425145941874,0.0156851811874675,0.0291758207268845,2,True,"{""boosting_type"": ""gbdt"", ""class_weight"": null, ""colsample_bytree"": 0.85, ""importance_type"": ""split"", ""learning_rate"": 0.04, ""max_depth"": 5, ""min_child_samples"": 20, ""min_child_weight"": 0.001, ""min_split_gain"": 0.0, ""n_estimators"": 350, ""n_jobs"": 1, ""num_leaves"": 15, ""objective"": null, ""random_state"": 42, ""reg_alpha"": 0.0, ""reg_lambda"": 0.0, ""subsample"": 0.85, ""subsample_for_bin"": 200000, ""subsample_freq"": 0, ""verbosity"": -1}",ms_005_external_boosting_v1,7d118fef8b6ccf7f81111877bc388536f7b1e498a655e3d649d19aaa010e9f6f,ml_project.experiments.exp_013_tt_comb,unscaled_sparse,feature_champion
MS-005,external_boosting  on EXP-013 TT-combined features,model-screening/MS-005 ext_boost.md,EXP-013,0ed9dec50eab0ba3286bfb09acaee76f2621b7cb74fef747c85249627f96aec0,external_boosting,feature_champion,accuracy,maximize,0.8125666938673028,0.0152242724021608,0.0,3,False,"{""C"": 1.0, ""class_weight"": null, ""dual"": false, ""fit_intercept"": true, ""intercept_scaling"": 1, ""l1_ratio"": 0.0, ""max_iter"": 1000, ""n_jobs"": null, ""penalty"": ""deprecated"", ""random_state"": 42, ""solver"": ""lbfgs"", ""tol"": 0.0001, ""verbose"": 0, ""warm_start"": false}",ms_005_external_boosting_v1,7d118fef8b6ccf7f81111877bc388536f7b1e498a655e3d649d19aaa010e9f6f,ml_project.experiments.exp_013_tt_comb,unscaled_sparse,feature_champion
MS-006,native_categorical on EXP-013 TT-combined features,model-screening/MS-006 catboost.md,EXP-013,0ed9dec50eab0ba3286bfb09acaee76f2621b7cb74fef747c85249627f96aec0,native_categorical,catboost,accuracy,maximize,0.8372418555018518,0.01401355671360727,0.02467516163454897,1,True,"{""params"": {""allow_writing_files"": false, ""cat_features"": [""Embarked"", ""FamilySizeGroup"", ""IsnotAlone"", ""CabinKnown"", ""Deck"", ""SexPclass""], ""depth"": 5, ""iterations"": 400, ""l2_leaf_reg"": 5.0, ""learning_rate"": 0.04, ""random_seed"": 42, ""thread_count"": 1, ""verbose"": false}}",ms_006_native_categorical_v1,7d118fef8b6ccf7f81111877bc388536f7b1e498a655e3d649d19aaa010e9f6f,ml_project.experiments.exp_013_tt_comb,native_categorical,feature_champion
MS-006,native_categorical on EXP-013 TT-combined features,model-screening/MS-006 catboost.md,EXP-013,0ed9dec50eab0ba3286bfb09acaee76f2621b7cb74fef747c85249627f96aec0,native_categorical,feature_champion,accuracy,maximize,0.8125666938673028,0.015224272402160859,0.0,2,False,"{""C"": 1.0, ""class_weight"": null, ""dual"": false, ""fit_intercept"": true, ""intercept_scaling"": 1, ""l1_ratio"": 0.0, ""max_iter"": 1000, ""n_jobs"": null, ""penalty"": ""deprecated"", ""random_state"": 42, ""solver"": ""lbfgs"", ""tol"": 0.0001, ""verbose"": 0, ""warm_start"": false}",ms_006_native_categorical_v1,7d118fef8b6ccf7f81111877bc388536f7b1e498a655e3d649d19aaa010e9f6f,ml_project.experiments.exp_013_tt_comb,native_categorical,feature_champion
