experiment_id,title,note,hypothesis,change,primary_metric,reference,reference_module,reference_score,reference_std,candidate_score,candidate_std,improvement,criteria_passed,decision,implementation_module,implementation_sha256,dataset_sha256,artifact_dir
MLP-001,First reproducible MLP baseline,mlp-experiments/MLP-001 Baseline.md,"Если обучить небольшой MLP на базовых Titanic-признаках, то получим воспроизводимую нейросетевую точку отсчёта для следующих изменений.","Первый PyTorch baseline: 7 исходных признаков, один скрытый слой из 32 нейронов и fold-safe preprocessing.",accuracy,sklearn_champion,ml_project.experiments.exp_013_tt_comb,0.8125666938673028,0.0152242724021608,0.8148013307388112,0.0133882226528992,0.0022346368715083,True,pending,ml_project.mlp_experiments.mlp_001_baseline,e002d84b95129b20f172024824d7eb4acb756a115fc3df3e6d7887ac3b3c5a29,7d118fef8b6ccf7f81111877bc388536f7b1e498a655e3d649d19aaa010e9f6f,artifacts/mlp-experiments/MLP-001/e002d84b9512
MLP-002,Компактный MLP baseline — 8 скрытых нейронов,mlp-experiments/MLP-002 8 Neurons Baseline.md,"Если начать с компактной сети из 8 скрытых нейронов на базовых признаках, то её ёмкости будет достаточно для Titanic без лишней сложности.","Новый компактный MLP baseline: один скрытый слой из 8 нейронов, без дополнительного feature engineering.",accuracy,sklearn_champion,ml_project.experiments.exp_013_tt_comb,0.8125666938673028,0.0152242724021608,0.813684012303057,0.0204988093824465,0.0011173184357541,True,adopt,ml_project.mlp_experiments.mlp_002_mlp_8neurons_feng,c396a3da3ea707a8483eb109c54da2b646d326701ca2a0e84b02f29c1d29bc89,7d118fef8b6ccf7f81111877bc388536f7b1e498a655e3d649d19aaa010e9f6f,artifacts/mlp-experiments/MLP-002/c396a3da3ea7
MLP-003,mlp_16neurons,mlp-experiments/MLP-003 mlp_16neurons.md,"CHANGE ME — if увеличить количество нейронов, then .улучшится точность.., because .больше связей логических ..",CHANGE ME — exactly one controlled change,accuracy,MLP-002_reference,ml_project.mlp_experiments.mlp_002_mlp_8neurons_feng,0.813684012303057,0.0204988093824465,0.8137153976523759,0.0208818100178461,3.1385349318946434e-05,False,reject,ml_project.mlp_experiments.mlp_003_mlp_16neurons,dd49713a15453548b80f172372ffe9b1a23ab91400000a2ad901f8dd2fcd01a0,7d118fef8b6ccf7f81111877bc388536f7b1e498a655e3d649d19aaa010e9f6f,artifacts/mlp-experiments/MLP-003/dd49713a1545
MLP-004,mlp_32neurons,mlp-experiments/MLP-004 mlp_32neurons.md,"CHANGE ME — if увеличить количество нейронов, then .улучшится точность.., because .больше связей логических ..",CHANGE ME — exactly one controlled change,accuracy,MLP-002_reference,ml_project.mlp_experiments.mlp_002_mlp_8neurons_feng,0.813684012303057,0.0204988093824465,0.8148013307388112,0.0133882226528992,0.0011173184357541,False,reject,ml_project.mlp_experiments.mlp_004_mlp_32neurons,d03918e4eb15a71c3c058b924acdba08d7a7c0ff53267144acd0ba80d3a106ea,7d118fef8b6ccf7f81111877bc388536f7b1e498a655e3d649d19aaa010e9f6f,artifacts/mlp-experiments/MLP-004/d03918e4eb15
MLP-005,FE_Family_size,mlp-experiments/MLP-005 FE_Family_size.md,"CHANGE ME — if ..., then ..., because ...",CHANGE ME — exactly one controlled change,accuracy,MLP-002_reference,ml_project.mlp_experiments.mlp_002_mlp_8neurons_feng,0.813684012303057,0.0204988093824465,0.8103132257862031,0.017194394233888,-0.0033707865168539,False,reject,ml_project.mlp_experiments.mlp_005_fe_family_size,bdb3d5556fb54de3316459a92dcb24cc1c33ba0500cde112d8bd9c5b7ba8f6c3,7d118fef8b6ccf7f81111877bc388536f7b1e498a655e3d649d19aaa010e9f6f,artifacts/mlp-experiments/MLP-005/bdb3d5556fb5
MLP-006,FE_FAmilySize_16Neurons,mlp-experiments/MLP-006 FE_FAmilySize_16Neurons.md,"CHANGE ME — if добавить нвоый признак_, then 16 нейронов нейросеть отработает лучше..., because больше лог связей..",CHANGE ME — exactly one controlled change,accuracy,MLP-002_reference,ml_project.mlp_experiments.mlp_002_mlp_8neurons_feng,0.813684012303057,0.0204988093824465,0.8103257799259305,0.0107891811746461,-0.0033582323771263,False,reject,ml_project.mlp_experiments.mlp_006_fe_familysize_16neurons,4db24a585d74710a8356eda864f64bf3009cbee0ef03d2e1f70c4077509941cd,7d118fef8b6ccf7f81111877bc388536f7b1e498a655e3d649d19aaa010e9f6f,artifacts/mlp-experiments/MLP-006/4db24a585d74
MLP-007,FE_familySize_32Neurons,mlp-experiments/MLP-007 FE_familySize_32Neurons.md,"CHANGE ME — if ..увеличить число нейронов ., then ..лучше отработает., because ..лог.связей боьлше .",CHANGE ME — exactly one controlled change,accuracy,MLP-002_reference,ml_project.mlp_experiments.mlp_002_mlp_8neurons_feng,0.813684012303057,0.0204988093824465,0.8103446111355218,0.0230801252253435,-0.0033394011675349,False,reject,ml_project.mlp_experiments.mlp_007_fe_familysize_32neurons,a73c449975b2aea5fe727d0556316577f22dfbc88f50dc621ad825d4334a1e68,7d118fef8b6ccf7f81111877bc388536f7b1e498a655e3d649d19aaa010e9f6f,artifacts/mlp-experiments/MLP-007/a73c449975b2
MLP-008,Заполнение Age медианой по Title,mlp-experiments/MLP-008 Age median by Title.md,"Если заполнять пропуски Age медианой возраста пассажиров с тем же нормализованным Title внутри train-fold, то MLP точнее учтёт возрастные различия между Mr, Mrs, Miss и Master.",Относительно принятого MLP-002 изменяется только заполнение Age: медиана по Title с fallback на общую медиану train-fold.,accuracy,MLP-002_reference,ml_project.mlp_experiments.mlp_002_mlp_8neurons_feng,0.813684012303057,0.0204988093824465,0.811436821291821,0.0137030390406855,-0.0022471910112359,False,reject,ml_project.mlp_experiments.mlp_008_age_by_title,5bf4f53d8bc6b0ee47208e24a82e1a17773623b2f5204ddb9d8f64980728792b,7d118fef8b6ccf7f81111877bc388536f7b1e498a655e3d649d19aaa010e9f6f,artifacts/mlp-experiments/MLP-008/5bf4f53d8bc6
MLP-009,TABDDPM,mlp-experiments/MLP-009 TABDDPM.md,"Если восстанавливать Age условной диффузионной моделью по Title, Sex, Pclass, Fare, SibSp, Parch и Embarked, то более информативное заполнение Age улучшит качество принятого MLP-002.",CHANGE ME — exactly one controlled change,accuracy,MLP-002_reference,ml_project.mlp_experiments.mlp_002_mlp_8neurons_feng,0.813684012303057,0.0204988093824465,0.8125541397275752,0.0182163038675122,-0.0011298725754817,False,reject,ml_project.mlp_experiments.mlp_009_tabddpm,a85fa532c1b9beb4d3a87f8ffd0c116274923db69a2f2567322c9d69aedb6e83,7d118fef8b6ccf7f81111877bc388536f7b1e498a655e3d649d19aaa010e9f6f,artifacts/mlp-experiments/MLP-009/a85fa532c1b9
MLP-010,MLP All In — все созданные признаки,mlp-experiments/MLP-010 MLP_ALLIN.md,"Если одновременно передать компактной MLP все содержательные признаки из логистической цепочки, то сеть сможет использовать их взаимодействия лучше, чем базовый MLP-002 на исходных признаках.","All-in bundle: Age по Title × Pclass, FamilySizeGroup, TicketGroupSize, log1p(FarePerPerson), IsnotAlone, CabinKnown, Deck и SexPclass; архитектура MLP-002 из 8 скрытых нейронов не меняется.",accuracy,MLP-002_reference,ml_project.mlp_experiments.mlp_002_mlp_8neurons_feng,0.813684012303057,0.0204988093824465,0.8193145439708743,0.0138027042891316,0.0056305316678174,False,adopt,ml_project.mlp_experiments.mlp_010_mlp_allin,a7c3f6e2d6277bcdcfd6cddd0173b80868bc6faf30703875d3bbe14443e60e7d,7d118fef8b6ccf7f81111877bc388536f7b1e498a655e3d649d19aaa010e9f6f,artifacts/mlp-experiments/MLP-010/a7c3f6e2d627
MLP-011,MLP_16neurons,mlp-experiments/MLP-011 MLP_16neurons.md,"CHANGE ME — if ..., then ..., because ...",CHANGE ME — exactly one controlled change,accuracy,MLP-010_reference,ml_project.mlp_experiments.mlp_010_mlp_allin,0.8193145439708743,0.0138027042891316,0.8148013307388112,0.0133882226528992,-0.0045132132320632,False,reject,ml_project.mlp_experiments.mlp_011_mlp_16neurons,d8dcac0df0acdb033327f83d379648475a3188e493224c613a8fdf90e2704b10,7d118fef8b6ccf7f81111877bc388536f7b1e498a655e3d649d19aaa010e9f6f,artifacts/mlp-experiments/MLP-011/d8dcac0df0ac
MLP-012,All In — 16 скрытых нейронов,mlp-experiments/MLP-012 ALLIN_16neurons.md,"Если увеличить скрытый слой принятого all-in MLP с 8 до 16 нейронов, то дополнительная ёмкость поможет сети использовать взаимодействия между всеми созданными признаками.","Относительно MLP-010 изменяется только hidden_dim: 8 → 16; feature engineering, preprocessing и режим обучения сохраняются.",accuracy,MLP-010_reference,ml_project.mlp_experiments.mlp_010_mlp_allin,0.8193145439708743,0.0138027042891316,0.8260372857949909,0.0119254704936427,0.0067227418241165,True,adopt,ml_project.mlp_experiments.mlp_012_allin_16neurons,b42f362ef1eec0f912e67756d1ea648953b996250e09c9a0ae09883ddb9f6d6b,7d118fef8b6ccf7f81111877bc388536f7b1e498a655e3d649d19aaa010e9f6f,artifacts/mlp-experiments/MLP-012/b42f362ef1ee
MLP-013,ALLIN32_neurons,mlp-experiments/MLP-013 ALLIN32_neurons.md,"Если увеличить скрытый слой принятого all-in MLP с 16 до 32 нейронов, то дополнительная ёмкость поможет сети использовать взаимодействия между всеми созданными признаками.",Относительно MLP-012 изменяется только hidden_dim: 16 → 32; ,accuracy,MLP-012_reference,ml_project.mlp_experiments.mlp_012_allin_16neurons,0.8260372857949909,0.0119254704936427,0.8193019898311469,0.0183977132366392,-0.006735295963844,False,reject,ml_project.mlp_experiments.mlp_013_allin32_neurons,a3d62cdb6885774715eb7aa6e38eafb72fef713ae1431fdfb9419beebce60d13,7d118fef8b6ccf7f81111877bc388536f7b1e498a655e3d649d19aaa010e9f6f,artifacts/mlp-experiments/MLP-013/a3d62cdb6885
MLP-014,ALLIN16BAtchnorm,mlp-experiments/MLP-014 ALLIN16BAtchnorm.md,"CHANGE ME — if добавлю батчнорм, then он поможет сети лучше обрабатывать данные, потому что между батчами будут нормализованы признаки","Добавил только BatchNorm после первого слоя, чтобы проверить, улучшит ли это обучение",accuracy,MLP-012_reference,ml_project.mlp_experiments.mlp_012_allin_16neurons,0.8260372857949909,0.0119254704936427,0.817048521750047,0.0142618598172873,-0.0089887640449438,False,reject,ml_project.mlp_experiments.mlp_014_allin16batchnorm,84ab26ddae61fc5e6c4a4dcf0aeff34bf77e977434550336dc38b07c4df0e6e4,7d118fef8b6ccf7f81111877bc388536f7b1e498a655e3d649d19aaa010e9f6f,artifacts/mlp-experiments/MLP-014/84ab26ddae61
MLP-015,Allin16plus new layer,mlp-experiments/MLP-015 Allin16plus new layer.md,"CHANGE ME — if добавлю новый слой, then он поможет сети лучше обрабатывать данные, потому что добавится дополнительная ёмкость",CHANGE ME — exactly one controlled change,accuracy,MLP-012_reference,ml_project.mlp_experiments.mlp_012_allin_16neurons,0.8260372857949909,0.0119254704936427,0.8260247316552632,0.0139516685818811,-1.2554139727583012e-05,False,reject,ml_project.mlp_experiments.mlp_015_allin16plus_new_layer,14571cca38c9b5e8de299785d0cc229ff7b16b3dfd261b43ca587a0173848ed8,7d118fef8b6ccf7f81111877bc388536f7b1e498a655e3d649d19aaa010e9f6f,artifacts/mlp-experiments/MLP-015/14571cca38c9
MLP-016,ALLin16plus16layer,mlp-experiments/MLP-016 ALLin16plus16layer.md,"CHANGE ME — if ..., then ..., because ...",CHANGE ME — exactly one controlled change,accuracy,MLP-012_reference,ml_project.mlp_experiments.mlp_012_allin_16neurons,0.8260372857949909,0.0119254704936427,0.8271357730211537,0.0153763773984908,0.0010984872261628,True,adopt,ml_project.mlp_experiments.mlp_016_allin16plus16layer,d1e9d47ef34e140c561ef82fad60532598ed9183f46485999a45123e62503b67,7d118fef8b6ccf7f81111877bc388536f7b1e498a655e3d649d19aaa010e9f6f,artifacts/mlp-experiments/MLP-016/d1e9d47ef34e
MLP-017,ALLIN16168,mlp-experiments/MLP-017 ALLIN16168.md,"CHANGE ME — if добавлю новый слой, then он поможет сети лучше обрабатывать данные, потому что добавится дополнительная ёмкость",CHANGE ME — exactly one controlled change,accuracy,MLP-016_reference,ml_project.mlp_experiments.mlp_016_allin16plus16layer,0.8271357730211537,0.0153763773984908,0.8226539451384095,0.0097563164374453,-0.0044818278827443,False,reject,ml_project.mlp_experiments.mlp_017_allin16168,ba89ba41cba98fe7d9c7cb4c81d81bc2b06ea5744f24d9845c78c8f830420eb5,7d118fef8b6ccf7f81111877bc388536f7b1e498a655e3d649d19aaa010e9f6f,artifacts/mlp-experiments/MLP-017/ba89ba41cba9
MLP-018,ALLIN161616,mlp-experiments/MLP-018 ALLIN161616.md,"Как много слоев вообще можно добавить в MLP, чтобы сеть лучше обрабатывала данные?",CHANGE ME — exactly one controlled change,accuracy,MLP-016_reference,ml_project.mlp_experiments.mlp_016_allin16plus16layer,0.8271357730211537,0.0153763773984908,0.8316301550436256,0.0128488530603222,0.0044943820224719,True,adopt,ml_project.mlp_experiments.mlp_018_allin161616,1b8f343d75d3edf1b6dec26236eda7b9385d58fbbe2ea3254089a61124dd1c3e,7d118fef8b6ccf7f81111877bc388536f7b1e498a655e3d649d19aaa010e9f6f,artifacts/mlp-experiments/MLP-018/1b8f343d75d3
MLP-019,323232,mlp-experiments/MLP-019 323232.md,"CHANGE ME — if если поменяю размер фильтра на 32 при увеличенном количестве слоев then сеть станет более мощной, потому что увеличится ёмкость",CHANGE ME — exactly one controlled change,accuracy,MLP-018_reference,ml_project.mlp_experiments.mlp_018_allin161616,0.8316301550436256,0.0128488530603222,0.8226727763480006,0.0128976793729558,-0.0089573786956249,False,reject,ml_project.mlp_experiments.mlp_019_experiment_323232,eb51d6f6131644a60dd78cc21f8c0f175f9a490d8e97c3fa1102db362ad9321f,7d118fef8b6ccf7f81111877bc388536f7b1e498a655e3d649d19aaa010e9f6f,artifacts/mlp-experiments/MLP-019/eb51d6f61316
MLP-020,16Batch1616,mlp-experiments/MLP-020 16Batch1616.md,"CHANGE ME — if ..., then ..., because ...",CHANGE ME — exactly one controlled change,accuracy,MLP-018_reference,ml_project.mlp_experiments.mlp_018_allin161616,0.8316301550436256,0.0128488530603222,0.8193019898311468,0.0115466439950235,-0.0123281652124788,False,reject,ml_project.mlp_experiments.mlp_020_experiment_16batch1616,be40c51dfd0dcf5c8055b920ead3bcb2428cae6b910e7d3e9762c089354f62f9,7d118fef8b6ccf7f81111877bc388536f7b1e498a655e3d649d19aaa010e9f6f,artifacts/mlp-experiments/MLP-020/be40c51dfd0d
MLP-021,1616btch16,mlp-experiments/MLP-021 1616btch16.md,"CHANGE ME — if поставить батч норм после 2го слоя, then он будет нормализовать более сложные данные, because может улучшить обучение",CHANGE ME — exactly one controlled change,accuracy,MLP-018_reference,ml_project.mlp_experiments.mlp_018_allin161616,0.8316301550436256,0.0128488530603222,0.8103195028560666,0.0146289163544995,-0.0213106521875588,False,reject,ml_project.mlp_experiments.mlp_021_experiment_1616btch16,1b1c1e4733fb258756363b9c2873f26da2dc150e01d7d05dea3eb852bad00333,7d118fef8b6ccf7f81111877bc388536f7b1e498a655e3d649d19aaa010e9f6f,artifacts/mlp-experiments/MLP-021/1b1c1e4733fb
MLP-022,161616batch,mlp-experiments/MLP-022 161616batch.md,Данные внутри батча слишком шумные и батчнорм ухудшает performance,CHANGE ME — exactly one controlled change,accuracy,MLP-018_reference,ml_project.mlp_experiments.mlp_018_allin161616,0.8316301550436256,0.0128488530603222,0.8248885820099178,0.0168738741541711,-0.0067415730337078,False,reject,ml_project.mlp_experiments.mlp_022_experiment_161616batch,12b725b511ac56b739937f2e87774ca40368393ed3b79a94ad1df797c5f4f0d9,7d118fef8b6ccf7f81111877bc388536f7b1e498a655e3d649d19aaa010e9f6f,artifacts/mlp-experiments/MLP-022/12b725b511ac
MLP-023,Dpoutlight,mlp-experiments/MLP-023 Dpoutlight.md,"CHANGE ME — if добавить слой дропаут, then сеть станет более устойчивой к переобучению,Усилит влияние задавленных признаков because заглушит часть параметров на обучении",CHANGE ME — exactly one controlled change,accuracy,MLP-018_reference,ml_project.mlp_experiments.mlp_018_allin161616,0.8316301550436256,0.0128488530603222,0.8293766869625259,0.0155118989337287,-0.0022534680810997,False,reject,ml_project.mlp_experiments.mlp_023_dpoutlight,e93f59f057da23bc9b7d71ded01c644f385a8cae68b0cfde04b7ababb94a79dd,7d118fef8b6ccf7f81111877bc388536f7b1e498a655e3d649d19aaa010e9f6f,artifacts/mlp-experiments/MLP-023/e93f59f057da
MLP-024,dpoutmedium,mlp-experiments/MLP-024 dpoutmedium.md,"CHANGE ME — if ..., then ..., because ...",CHANGE ME — exactly one controlled change,accuracy,MLP-018_reference,ml_project.mlp_experiments.mlp_018_allin161616,0.8316301550436256,0.0128488530603222,0.8383654510074697,0.0111053811107374,0.006735295963844,True,adopt,ml_project.mlp_experiments.mlp_024_dpoutmedium,a529898dd4ea7820b177add8f89b6a08f5dc84f7bbebdcdbc0e1ccb9eaeeab87,7d118fef8b6ccf7f81111877bc388536f7b1e498a655e3d649d19aaa010e9f6f,artifacts/mlp-experiments/MLP-024/a529898dd4ea
MLP-025,dpoutmed-hard,mlp-experiments/MLP-025 dpoutmed-hard.md,"CHANGE ME — if ..., then ..., because ...",CHANGE ME — exactly one controlled change,accuracy,MLP-024_reference,ml_project.mlp_experiments.mlp_024_dpoutmedium,0.8383654510074697,0.0111053811107374,0.8271357730211537,0.0186252203254686,-0.011229677986316,False,reject,ml_project.mlp_experiments.mlp_025_dpoutmed_hard,f842958f085b25c6a60ff75690bf5b473902a5fdd468fc334d17ff4819c364da,7d118fef8b6ccf7f81111877bc388536f7b1e498a655e3d649d19aaa010e9f6f,artifacts/mlp-experiments/MLP-025/f842958f085b
MLP-026,Dpoutlight 1layer,mlp-experiments/MLP-026 Dpoutlight 1layer.md,"CHANGE ME — if ..., then ..., because ...",CHANGE ME — exactly one controlled change,accuracy,MLP-024_reference,ml_project.mlp_experiments.mlp_024_dpoutmedium,0.8383654510074697,0.0111053811107374,0.8237649865042999,0.0169811620929433,-0.0146004645031699,False,reject,ml_project.mlp_experiments.mlp_026_dpoutlight_1layer,bf7e45016f23d411e5d57ad4bcb86dbb276f24164b3d9fbf017500c49febf437,7d118fef8b6ccf7f81111877bc388536f7b1e498a655e3d649d19aaa010e9f6f,artifacts/mlp-experiments/MLP-026/bf7e45016f23
MLP-027,Dpoutmed 1layer,mlp-experiments/MLP-027 Dpoutmed 1layer.md,"CHANGE ME — if ..., then ..., because ...",CHANGE ME — exactly one controlled change,accuracy,MLP-024_reference,ml_project.mlp_experiments.mlp_024_dpoutmedium,0.8383654510074697,0.0111053811107374,0.8170610758897746,0.0122697529942149,-0.021304375117695,False,reject,ml_project.mlp_experiments.mlp_027_dpoutmed_1layer,df44b8190d5355987080d66f8d94692945cd156f9818ed47b0f972720da48634,7d118fef8b6ccf7f81111877bc388536f7b1e498a655e3d649d19aaa010e9f6f,artifacts/mlp-experiments/MLP-027/df44b8190d53
MLP-028,dpout_2ndlayerlight,mlp-experiments/MLP-028 dpout_2ndlayerlight.md,"CHANGE ME — if ..., then ..., because ...",CHANGE ME — exactly one controlled change,accuracy,MLP-024_reference,ml_project.mlp_experiments.mlp_024_dpoutmedium,0.8383654510074697,0.0111053811107374,0.8271294959512898,0.0178124646110041,-0.0112359550561797,False,reject,ml_project.mlp_experiments.mlp_028_dpout_2ndlayerlight,73ff75c7ddc78fdddbae6498773bec60ba1b0be93a3109ede98e52f88fc49c10,7d118fef8b6ccf7f81111877bc388536f7b1e498a655e3d649d19aaa010e9f6f,artifacts/mlp-experiments/MLP-028/73ff75c7ddc7
MLP-029,GELU,mlp-experiments/MLP-029 GELU.md,"CHANGE ME — если поменяю на GELu , then Может улучшить performance, because Будут отрицальтные значения",CHANGE ME — exactly one controlled change,accuracy,MLP-024_reference,ml_project.mlp_experiments.mlp_024_dpoutmedium,0.8383654510074697,0.0111053811107374,0.8271483271608812,0.0102842132250682,-0.0112171238465884,False,reject,ml_project.mlp_experiments.mlp_029_gelu,36e28e8f6699e58f3964c166c98eee7ddfa95a1054b58604b1ffcc8dffe9c1fb,7d118fef8b6ccf7f81111877bc388536f7b1e498a655e3d649d19aaa010e9f6f,artifacts/mlp-experiments/MLP-029/36e28e8f6699
MLP-030,Leakyrelu,mlp-experiments/MLP-030 Leakyrelu.md,"CHANGE ME — if ..., then ..., because ...",CHANGE ME — exactly one controlled change,accuracy,MLP-024_reference,ml_project.mlp_experiments.mlp_024_dpoutmedium,0.8383654510074697,0.0111053811107374,0.8305065595380077,0.0136989877336041,-0.007858891469462,False,reject,ml_project.mlp_experiments.mlp_030_leakyrelu,fa5aeb5f1c73041bc4407e0e7350d08dc4aada2f60da8df7900e64895324383d,7d118fef8b6ccf7f81111877bc388536f7b1e498a655e3d649d19aaa010e9f6f,artifacts/mlp-experiments/MLP-030/fa5aeb5f1c73
MLP-031,LeakyRelu01,mlp-experiments/MLP-031 LeakyRelu01.md,"CHANGE ME — if ..., then ..., because ...",CHANGE ME — exactly one controlled change,accuracy,MLP-024_reference,ml_project.mlp_experiments.mlp_024_dpoutmedium,0.8383654510074697,0.0111053811107374,0.8271420500910175,0.0153071982700151,-0.0112234009164521,False,reject,ml_project.mlp_experiments.mlp_031_leakyrelu01,e06555bb023e8b89065f162c6ddf89c12b8840a112226aab2900fc0bf356e1d0,7d118fef8b6ccf7f81111877bc388536f7b1e498a655e3d649d19aaa010e9f6f,artifacts/mlp-experiments/MLP-031/e06555bb023e
MLP-032,squaredReLU,mlp-experiments/MLP-032 squaredReLU.md,"CHANGE ME — if ..., then ..., because ...",CHANGE ME — exactly one controlled change,accuracy,MLP-024_reference,ml_project.mlp_experiments.mlp_024_dpoutmedium,0.8383654510074697,0.0111053811107374,0.8383654510074697,0.0111053811107374,0.0,True,reject,ml_project.mlp_experiments.mlp_032_squaredrelu,4cc4afe0b90777db9f3d6cb4c8aaedcfd67d723f322eb4bf55712d1ed500865b,7d118fef8b6ccf7f81111877bc388536f7b1e498a655e3d649d19aaa010e9f6f,artifacts/mlp-experiments/MLP-032/4cc4afe0b907
MLP-033,squearedRELU,mlp-experiments/MLP-033 squearedRELU.md,"CHANGE ME — if ..., then ..., because ...",CHANGE ME — exactly one controlled change,accuracy,MLP-024_reference,ml_project.mlp_experiments.mlp_024_dpoutmedium,0.8383654510074697,0.0111053811107374,0.7712196346745339,0.0877186561607399,-0.0671458163329358,False,reject,ml_project.mlp_experiments.mlp_033_squearedrelu,99a3f9192aca4df8c90b9b3d0064550dde9566bc7658e73e6689943e3554882a,7d118fef8b6ccf7f81111877bc388536f7b1e498a655e3d649d19aaa010e9f6f,artifacts/mlp-experiments/MLP-033/99a3f9192aca
MLP-034,batchsize16,mlp-experiments/MLP-034 batchsize16.md,"CHANGE ME — if ..., then ..., because ...",CHANGE ME — exactly one controlled change,accuracy,MLP-024_reference,ml_project.mlp_experiments.mlp_024_dpoutmedium,0.8383654510074697,0.0111053811107374,0.830500282468144,0.0210274884016784,-0.0078651685393258,False,reject,ml_project.mlp_experiments.mlp_034_batchsize16,9040ab43b005fde02e2921c5a0fde8ba668da16c9bc64e0195f14a8706988181,7d118fef8b6ccf7f81111877bc388536f7b1e498a655e3d649d19aaa010e9f6f,artifacts/mlp-experiments/MLP-034/9040ab43b005
MLP-036,Batch64,mlp-experiments/MLP-036 Batch64.md,"CHANGE ME — if ..., then ..., because ...",CHANGE ME — exactly one controlled change,accuracy,MLP-024_reference,ml_project.mlp_experiments.mlp_024_dpoutmedium,0.8383654510074697,0.0111053811107374,0.8271483271608812,0.0171794956472943,-0.0112171238465884,False,reject,ml_project.mlp_experiments.mlp_036_batch64,f2a10809e9f489b9ea2ed62ca1584110351f9b4142c75f3a0b202725db31894c,7d118fef8b6ccf7f81111877bc388536f7b1e498a655e3d649d19aaa010e9f6f,artifacts/mlp-experiments/MLP-036/f2a10809e9f4
MLP-037,decay0.001,mlp-experiments/MLP-037 decay0001.md,"CHANGE ME — if я введу decay=0.001, then accuracy увеличится, потому что модель может лучше обобщать ...",CHANGE ME — exactly one controlled change,accuracy,MLP-024_reference,ml_project.mlp_experiments.mlp_024_dpoutmedium,0.8383654510074697,0.0111053811107374,0.8327537505492437,0.0158061212233388,-0.0056117004582261,False,reject,ml_project.mlp_experiments.mlp_037_decay0_001,e879f42f57aa2a5038c72b557ece883060466cf056d196592924d867561723ec,7d118fef8b6ccf7f81111877bc388536f7b1e498a655e3d649d19aaa010e9f6f,artifacts/mlp-experiments/MLP-037/e879f42f57aa
MLP-038,middecay,mlp-experiments/MLP-038 middecay.md,"CHANGE ME — if ..., then ..., because ...",CHANGE ME — exactly one controlled change,accuracy,MLP-024_reference,ml_project.mlp_experiments.mlp_024_dpoutmedium,0.8383654510074697,0.0111053811107374,0.821542903772519,0.0109157640323955,-0.0168225472349507,False,reject,ml_project.mlp_experiments.mlp_038_middecay,7f6ae9d1c2374ac9ba11d8966afd6deff79d9bb87576cedec10718ef46312e9d,7d118fef8b6ccf7f81111877bc388536f7b1e498a655e3d649d19aaa010e9f6f,artifacts/mlp-experiments/MLP-038/7f6ae9d1c237
MLP-039,decaye-5,mlp-experiments/MLP-039 decaye-5.md,"CHANGE ME — if ..., then ..., because ...",CHANGE ME — exactly one controlled change,accuracy,MLP-024_reference,ml_project.mlp_experiments.mlp_024_dpoutmedium,0.8383654510074697,0.0111053811107374,0.8260184545853996,0.0219313715656233,-0.0123469964220702,False,reject,ml_project.mlp_experiments.mlp_039_decaye_5,992af5a8f8054d7961ba884c208db9b8a18f9612a80a768bca166076251f3f0d,7d118fef8b6ccf7f81111877bc388536f7b1e498a655e3d649d19aaa010e9f6f,artifacts/mlp-experiments/MLP-039/992af5a8f805
MLP-040,LRe-4,mlp-experiments/MLP-040 LRe-4.md,"CHANGE ME — if ..., then ..., because ...",CHANGE ME — exactly one controlled change,accuracy,MLP-024_reference,ml_project.mlp_experiments.mlp_024_dpoutmedium,0.8383654510074697,0.0111053811107374,0.8260247316552635,0.0114684660354558,-0.0123407193522063,False,reject,ml_project.mlp_experiments.mlp_040_lre_4,2fd7e45130e8347bcd9bb1e39867587b78e13fdc7f8afb2d604430960006b129,7d118fef8b6ccf7f81111877bc388536f7b1e498a655e3d649d19aaa010e9f6f,artifacts/mlp-experiments/MLP-040/2fd7e45130e8
MLP-041,LR-4mindelta,mlp-experiments/MLP-041 LR-4mindelta.md,"CHANGE ME — if ..., then ..., because ...",CHANGE ME — exactly one controlled change,accuracy,MLP-024_reference,ml_project.mlp_experiments.mlp_024_dpoutmedium,0.8383654510074697,0.0111053811107374,0.8271483271608814,0.011718648094588,-0.0112171238465884,False,reject,ml_project.mlp_experiments.mlp_041_lr_4mindelta,cc5c3fbee12d782c48694fa8c0705b8663e21177e7c9289391916684549afa56,7d118fef8b6ccf7f81111877bc388536f7b1e498a655e3d649d19aaa010e9f6f,artifacts/mlp-experiments/MLP-041/cc5c3fbee12d
MLP-042,Optuna best ReLU trial 0,mlp-experiments/MLP-042 Optuna best ReLU trial 0.md,"If the best configuration from MLP-TUNE-001 is evaluated on the official five folds, then its screening advantage will generalize.","Apply Optuna trial 86 / MLP-TUNE-002 trial 0 as one selected bundle: four 8-unit ReLU layers, dropout 0.30, lr 0.0017503535 and decay 1e-4.",accuracy,MLP-024_reference,ml_project.mlp_experiments.mlp_024_dpoutmedium,0.8383654510074697,0.0111053811107374,0.819295712761283,0.0094172942220875,-0.0190697382461866,False,reject,ml_project.mlp_experiments.mlp_042_optuna_relu_trial0,5ee9d3f948e62ee42ec2dff002ec5b27dd6e16fc6abe4d8777cc66569231d5a3,7d118fef8b6ccf7f81111877bc388536f7b1e498a655e3d649d19aaa010e9f6f,artifacts/mlp-experiments/MLP-042/5ee9d3f948e6
MLP-043,Optuna stable LeakyReLU trial 137,mlp-experiments/MLP-043 Optuna stable LeakyReLU trial 137.md,"If the most consistently strong LeakyReLU configuration from MLP-TUNE-002 is evaluated on the official five folds, then its better screening stability and log loss will generalize.","Apply MLP-TUNE-002 trial 137 as one selected bundle: three 4-unit LeakyReLU(0.05) layers, dropout 0.10, lr 0.0012851267 and decay 1e-7.",accuracy,MLP-024_reference,ml_project.mlp_experiments.mlp_024_dpoutmedium,0.8383654510074697,0.0111053811107374,0.8237775406440274,0.0131749214361997,-0.0145879103634423,False,reject,ml_project.mlp_experiments.mlp_043_optuna_leaky_trial137,ddf8a7d8cf4cb0a5f57ab17381be6f35a20c44752874e6d800fddf3fd86707eb,7d118fef8b6ccf7f81111877bc388536f7b1e498a655e3d649d19aaa010e9f6f,artifacts/mlp-experiments/MLP-043/ddf8a7d8cf4c
MLP-044,Scheduler,mlp-experiments/MLP-044 Scheduler.md,"CHANGE ME — if ..., then ..., because ...",CHANGE ME — exactly one controlled change,accuracy,MLP-024_reference,ml_project.mlp_experiments.mlp_024_dpoutmedium,0.8383654510074697,0.0111053811107374,0.8316238779737619,0.0156848483402957,-0.0067415730337078,False,reject,ml_project.mlp_experiments.mlp_044_scheduler,3ec42e5a2874126d7be49d7a9aa3024064700558b1c8f75523a67ffd9867c410,7d118fef8b6ccf7f81111877bc388536f7b1e498a655e3d649d19aaa010e9f6f,artifacts/mlp-experiments/MLP-044/3ec42e5a2874
MLP-045,Embeddings,mlp-experiments/MLP-045 Embeddings.md,"If low-cardinality categorical features are represented by learned embeddings instead of one-hot columns, then the network may learn useful category similarities and improve official CV accuracy.",Replace one-hot encoding with fold-fitted ordinal indices and embeddings for all six categorical features; keep the MLP-024 hidden network and all optimization settings unchanged.,accuracy,MLP-024_reference,ml_project.mlp_experiments.mlp_024_dpoutmedium,0.8383654510074697,0.0111053811107374,0.8182035026049841,0.0217191901027974,-0.0201619484024857,False,pending,ml_project.mlp_experiments.mlp_045_embeddings,eaa034b9cd1b4fddc9c6ee11597195fccf5504aa5d6ae022fdf804f014dea458,7d118fef8b6ccf7f81111877bc388536f7b1e498a655e3d649d19aaa010e9f6f,artifacts/mlp-experiments/MLP-045/eaa034b9cd1b
